{
  "stage1_top_k": [
    [
      3,
      2.2283091426912027
    ],
    [
      4,
      2.2987686946740906
    ],
    [
      5,
      1.4775165374758834
    ],
    [
      6,
      1.2520461569154346
    ],
    [
      8,
      1.1657702143753919
    ],
    [
      10,
      0.6311922245488034
    ]
  ],
  "stage2_sl_tp": [
    [
      0.02,
      0.02,
      2.3421983382457077
    ],
    [
      0.02,
      0.03,
      2.5914656608503734
    ],
    [
      0.02,
      0.04,
      2.2987686946740906
    ],
    [
      0.02,
      0.05,
      2.454490529678608
    ],
    [
      0.02,
      0.06,
      1.8465401895064741
    ],
    [
      0.03,
      0.02,
      2.3421983382457077
    ],
    [
      0.03,
      0.03,
      2.5914656608503734
    ],
    [
      0.03,
      0.04,
      2.2987686946740906
    ],
    [
      0.03,
      0.05,
      2.454490529678608
    ],
    [
      0.03,
      0.06,
      1.8465401895064741
    ],
    [
      0.04,
      0.02,
      2.3421983382457077
    ],
    [
      0.04,
      0.03,
      2.5914656608503734
    ],
    [
      0.04,
      0.04,
      2.2987686946740906
    ],
    [
      0.04,
      0.05,
      2.454490529678608
    ],
    [
      0.04,
      0.06,
      1.8465401895064741
    ],
    [
      0.05,
      0.02,
      2.3421983382457077
    ],
    [
      0.05,
      0.03,
      2.5914656608503734
    ],
    [
      0.05,
      0.04,
      2.2987686946740906
    ],
    [
      0.05,
      0.05,
      2.454490529678608
    ],
    [
      0.05,
      0.06,
      1.8465401895064741
    ],
    [
      0.06,
      0.02,
      2.3421983382457077
    ],
    [
      0.06,
      0.03,
      2.5914656608503734
    ],
    [
      0.06,
      0.04,
      2.2987686946740906
    ],
    [
      0.06,
      0.05,
      2.454490529678608
    ],
    [
      0.06,
      0.06,
      1.8465401895064741
    ]
  ],
  "stage3_hold_trail": [
    [
      3,
      0.01,
      0.4103332189492343
    ],
    [
      3,
      0.015,
      0.34247932146339
    ],
    [
      3,
      0.02,
      0.34247932146339
    ],
    [
      3,
      0.025,
      0.3982761849671671
    ],
    [
      3,
      0.03,
      0.34517171520990836
    ],
    [
      4,
      0.01,
      0.5519182913469101
    ],
    [
      4,
      0.015,
      0.3677037003801883
    ],
    [
      4,
      0.02,
      0.3464248727226674
    ],
    [
      4,
      0.025,
      0.3261811012890559
    ],
    [
      4,
      0.03,
      0.3475009063782145
    ],
    [
      5,
      0.01,
      2.575852959444904
    ],
    [
      5,
      0.015,
      2.847835112224722
    ],
    [
      5,
      0.02,
      2.5914656608503734
    ],
    [
      5,
      0.025,
      2.5714821575095823
    ],
    [
      5,
      0.03,
      2.0303006113035207
    ],
    [
      6,
      0.01,
      1.5284217351946396
    ],
    [
      6,
      0.015,
      1.6591451829605652
    ],
    [
      6,
      0.02,
      1.304901448305955
    ],
    [
      6,
      0.025,
      1.2692772640396859
    ],
    [
      6,
      0.03,
      1.2265695140420598
    ],
    [
      7,
      0.01,
      1.6004325995093076
    ],
    [
      7,
      0.015,
      1.7331563369280016
    ],
    [
      7,
      0.02,
      1.350619740548961
    ],
    [
      7,
      0.025,
      1.3115890800991745
    ],
    [
      7,
      0.03,
      1.3936203996248189
    ]
  ],
  "stage4_prob_dk": [
    [
      0.0,
      0.2,
      1.5153350098470866
    ],
    [
      0.0,
      0.25,
      1.5153350098470866
    ],
    [
      0.0,
      0.3,
      2.847835112224722
    ],
    [
      0.0,
      0.35,
      2.4535450689593192
    ],
    [
      0.0,
      0.4,
      2.1487353052345797
    ],
    [
      0.0,
      0.45,
      2.18162746771823
    ],
    [
      0.05,
      0.2,
      1.5153350098470866
    ],
    [
      0.05,
      0.25,
      1.5153350098470866
    ],
    [
      0.05,
      0.3,
      2.847835112224722
    ],
    [
      0.05,
      0.35,
      2.4535450689593192
    ],
    [
      0.05,
      0.4,
      2.1487353052345797
    ],
    [
      0.05,
      0.45,
      2.18162746771823
    ],
    [
      0.1,
      0.2,
      1.5153350098470866
    ],
    [
      0.1,
      0.25,
      1.5153350098470866
    ],
    [
      0.1,
      0.3,
      2.847835112224722
    ],
    [
      0.1,
      0.35,
      2.4535450689593192
    ],
    [
      0.1,
      0.4,
      2.1487353052345797
    ],
    [
      0.1,
      0.45,
      2.18162746771823
    ],
    [
      0.15,
      0.2,
      1.5153350098470866
    ],
    [
      0.15,
      0.25,
      1.5153350098470866
    ],
    [
      0.15,
      0.3,
      2.847835112224722
    ],
    [
      0.15,
      0.35,
      2.4535450689593192
    ],
    [
      0.15,
      0.4,
      2.1487353052345797
    ],
    [
      0.15,
      0.45,
      2.18162746771823
    ],
    [
      0.2,
      0.2,
      1.5153350098470866
    ],
    [
      0.2,
      0.25,
      1.5153350098470866
    ],
    [
      0.2,
      0.3,
      2.847835112224722
    ],
    [
      0.2,
      0.35,
      2.4535450689593192
    ],
    [
      0.2,
      0.4,
      2.1487353052345797
    ],
    [
      0.2,
      0.45,
      2.18162746771823
    ],
    [
      0.25,
      0.2,
      1.7143710123977292
    ],
    [
      0.25,
      0.25,
      1.7143710123977292
    ],
    [
      0.25,
      0.3,
      2.847835112224722
    ],
    [
      0.25,
      0.35,
      2.4535450689593192
    ],
    [
      0.25,
      0.4,
      2.1487353052345797
    ],
    [
      0.25,
      0.45,
      2.18162746771823
    ]
  ],
  "stage5_cool_replace": [
    [
      0,
      0.5,
      2.133205969105591
    ],
    [
      0,
      0.7,
      2.133205969105591
    ],
    [
      0,
      1.0,
      1.9975111509956804
    ],
    [
      5,
      0.5,
      2.307468024750124
    ],
    [
      5,
      0.7,
      2.307468024750124
    ],
    [
      5,
      1.0,
      2.2475389077799024
    ],
    [
      10,
      0.5,
      2.847835112224722
    ],
    [
      10,
      0.7,
      2.847835112224722
    ],
    [
      10,
      1.0,
      2.8025918156627503
    ],
    [
      15,
      0.5,
      2.698972317280044
    ],
    [
      15,
      0.7,
      2.698972317280044
    ],
    [
      15,
      1.0,
      2.6305217574659556
    ],
    [
      20,
      0.5,
      1.972359227578812
    ],
    [
      20,
      0.7,
      1.972359227578812
    ],
    [
      20,
      1.0,
      1.8368835134340291
    ]
  ],
  "best_params": {
    "top_k": 4,
    "stop_loss_pct": 0.02,
    "tp_activate_pct": 0.03,
    "max_hold_days": 5,
    "tp_trail_pct": 0.015,
    "min_signal_prob": 0.0,
    "dynamic_k_prob_threshold": 0.3,
    "stock_cooldown_days": 10,
    "max_replace_ratio": 0.5
  }
}