{
  "总收益率 (%)": {
    "v1.0": 53.33985578,
    "v1.1": 63.36355059000005,
    "v1.2": 67.31598369000002
  },
  "年化收益率 (%)": {
    "v1.0": 26.449515262809918,
    "v1.1": 31.41994244132234,
    "v1.2": 33.3798266231405
  },
  "最大回撤 (%)": {
    "v1.0": -26.339030021315214,
    "v1.1": -20.039903487433076,
    "v1.2": -22.19227413382219
  },
  "Sharpe Ratio": {
    "v1.0": 0.8607736283408293,
    "v1.1": 1.0465047219288355,
    "v1.2": 1.0661499669301262
  },
  "收益回撤比": {
    "v1.0": 1.5320778082978643,
    "v1.1": 2.360895650665924,
    "v1.2": 1.9882771689054068
  },
  "总交易笔数": {
    "v1.0": 1764,
    "v1.1": 1563,
    "v1.2": 1257
  },
  "总手续费": {
    "v1.0": 2983852.4220000003,
    "v1.1": 2363374.941,
    "v1.2": 2461708.6309999996
  },
  "总净盈亏": {
    "v1.0": 5333985.578,
    "v1.1": 6336355.059000002,
    "v1.2": 6731598.369000005
  }
}